date,open,high,low,close,volume
2017-12-29,36.990002,37.630001,36.860001,37.27,2573712
2018-01-02,37.25,38.220001,37.099998,38.189999,3282504
2018-01-03,38.189999,39.790001,38.16,39.23,4897649
2018-01-04,39.189999,39.57,38.599998,39.099998,3057862
2018-01-05,39.09,39.98,38.48,38.790001,2388336
2018-01-08,39.720001,40.0,38.619999,39.07,4812076
2018-01-09,38.599998,38.889999,36.959999,37.68,8671168
2018-01-10,37.5,37.5,36.150002,36.389999,7590532
2018-01-11,36.400002,36.400002,35.5,36.02,4814990
2018-01-12,36.0,36.630001,35.939999,36.32,2691612
2018-01-15,36.619999,36.619999,35.150002,35.740002,2890882
2018-01-16,35.740002,35.84,33.43,33.93,7341794
2018-01-17,33.919998,34.349998,33.549999,34.110001,4267103
2018-01-18,34.32,34.880001,34.049999,34.610001,3193295
2018-01-19,34.619999,34.740002,34.16,34.490002,1774601
2018-01-22,34.509998,35.400002,34.139999,35.220001,2699258
2018-01-23,35.279999,35.959999,35.150002,35.310001,1985720
2018-01-24,35.799999,35.799999,34.900002,35.279999,1619680
2018-01-25,35.68,36.450001,35.369999,36.310001,4118503
2018-01-26,36.279999,37.18,36.0,36.060001,4267238
2018-01-29,36.0,36.0,35.209999,35.43,1876302
2018-01-30,35.450001,36.099998,35.400002,35.48,1480624
2018-01-31,35.259998,35.669998,34.529999,34.939999,1970208
2018-02-01,34.990002,35.959999,34.68,35.220001,3236387
2018-02-02,34.950001,35.919998,34.099998,35.630001,2969151
2018-02-05,35.610001,36.5,35.209999,36.380001,3790458
2018-02-06,35.700001,36.0,34.610001,34.689999,2810878
2018-02-07,35.099998,35.380001,33.470001,34.299999,3010803
2018-02-08,34.200001,34.990002,33.200001,33.490002,2005480
2018-02-09,31.99,33.0,31.4,31.690001,3296642
2018-02-12,31.959999,32.66,31.709999,32.509998,2199480
2018-02-13,32.799999,33.700001,32.619999,33.259998,2284774
2018-02-14,33.259998,34.73,32.700001,34.32,2368165
2018-02-22,34.759998,36.48,34.43,35.200001,2815381
2018-02-23,35.009998,35.400002,34.400002,34.43,1545150
2018-02-26,34.0,34.43,33.450001,34.299999,2781566
2018-02-27,34.290001,34.290001,33.009998,33.470001,2896245
2018-02-28,33.27,33.490002,32.950001,33.310001,1455785
2018-03-01,33.07,33.700001,33.02,33.580002,1268332
2018-03-02,33.549999,34.490002,33.220001,34.009998,1550266
2018-03-05,33.82,34.490002,33.560001,33.759998,1146429
2018-03-06,33.889999,34.330002,33.599998,34.099998,1283046
2018-03-07,34.0,34.299999,33.57,33.700001,1673752
2018-03-08,33.700001,34.060001,33.490002,33.900002,964934
2018-03-09,33.880001,34.139999,33.650002,33.970001,1136390
2018-03-12,34.0,34.380001,33.889999,34.259998,1610708
2018-03-13,34.299999,34.439999,33.73,33.860001,1374640
2018-03-14,33.799999,34.259998,33.41,34.040001,1201749
2018-03-15,34.040001,34.16,33.639999,33.779999,1335628
2018-03-16,33.52,33.889999,33.509998,33.560001,1484623
2018-03-19,33.5,33.560001,32.630001,32.779999,1993344
2018-03-20,32.650002,32.650002,32.029999,32.509998,2054377
2018-03-21,32.630001,32.630001,31.9,31.99,2614054
2018-03-22,32.029999,32.27,31.860001,32.200001,2930126
2018-03-23,31.620001,31.620001,29.83,30.309999,3113129
2018-03-26,30.32,30.65,29.879999,30.629999,2942030
2018-03-27,30.860001,30.860001,30.01,30.6,6138564
2018-03-28,30.209999,30.25,29.889999,29.969999,3675039
2018-03-29,30.1,30.690001,30.030001,30.360001,2850294
2018-03-30,30.41,30.719999,30.32,30.51,2802157
2018-04-02,30.51,30.559999,30.1,30.18,2301578
2018-04-03,30.0,30.15,29.620001,29.790001,2439275
2018-04-04,29.790001,30.969999,29.77,30.75,3799958
2018-04-09,30.799999,31.27,30.360001,30.92,3128673
2018-04-10,31.0,31.68,31.0,31.48,3192241
2018-04-11,31.209999,32.220001,31.209999,32.029999,2884730
2018-04-12,32.07,32.349998,31.73,31.870001,1800597
2018-04-13,31.940001,32.849998,31.879999,32.700001,2853372
2018-04-16,32.700001,33.290001,32.41,32.84,2809232
2018-04-17,32.869999,33.400002,32.549999,32.860001,3244721
2018-04-18,32.860001,33.450001,31.559999,32.169998,2497804
2018-04-19,32.23,32.77,32.23,32.75,1431563
2018-04-20,32.959999,32.959999,32.029999,32.330002,1744894
2018-04-23,32.599998,32.77,32.150002,32.580002,1528544
2018-04-24,32.279999,33.380001,32.259998,33.310001,1637948
2018-04-25,33.299999,33.299999,32.650002,32.959999,1508924
2018-04-26,32.900002,33.299999,32.360001,32.43,1476050
2018-04-27,32.529999,33.200001,32.529999,33.189999,2431138
2018-05-02,33.150002,33.169998,32.619999,32.880001,2934381
2018-05-03,32.610001,35.48,32.610001,35.43,5370284
2018-05-04,35.799999,35.799999,34.509998,34.610001,2915028
2018-05-07,34.700001,35.779999,34.439999,35.299999,2836571
2018-05-08,35.299999,35.5,34.900002,35.48,1855573
2018-05-09,35.099998,36.48,35.099998,35.889999,2293382
2018-05-10,35.75,35.880001,34.669998,34.93,2569806
2018-05-11,34.880001,35.849998,34.880001,35.669998,2170314
2018-05-14,35.509998,36.200001,35.299999,35.93,1980875
2018-05-15,35.950001,35.98,35.299999,35.970001,1241286
2018-05-16,36.299999,36.299999,35.349998,35.799999,1298374
2018-05-17,35.709999,35.970001,34.93,35.0,1282730
2018-05-18,34.900002,35.66,34.57,35.490002,2455052
2018-05-21,35.68,36.040001,35.330002,35.540001,1833677
2018-05-22,35.52,37.16,35.349998,36.709999,3641577
2018-05-23,36.799999,36.990002,35.889999,36.169998,1979586
2018-05-24,35.900002,37.099998,35.900002,36.77,2073687
2018-05-25,36.560001,37.549999,36.310001,37.099998,2498249
2018-05-28,37.049999,38.220001,36.360001,36.880001,2754211
2018-05-29,37.299999,37.77,36.610001,37.5,2397874
2018-05-30,36.98,37.189999,35.990002,37.040001,2478738
2018-05-31,37.099998,38.139999,36.900002,37.990002,2463512
2018-06-01,37.900002,38.380001,37.299999,37.669998,1805547
2018-06-04,37.549999,38.490002,36.919998,37.540001,3028482
2018-06-05,38.009998,38.389999,37.07,37.27,3597413
2018-06-06,37.049999,39.470001,37.0,38.950001,4140631
2018-06-07,38.950001,38.950001,37.580002,37.98,2949132
2018-06-08,37.880001,38.799999,37.509998,38.48,3170600
2018-06-11,38.5,38.889999,37.82,38.689999,1457153
2018-06-12,38.720001,39.720001,38.630001,39.700001,3001485
2018-06-13,39.650002,39.650002,39.009998,39.299999,2044663
2018-06-14,39.0,40.380001,39.0,40.220001,3377384
2018-06-15,39.990002,40.740002,38.950001,39.720001,2963633
2018-06-19,39.009998,39.490002,36.919998,38.02,4786601
2018-06-20,38.02,38.450001,36.16,37.400002,2706501
2018-06-21,37.0,38.299999,36.77,36.830002,1651231
2018-06-22,37.029999,38.470001,36.299999,38.400002,2333925
2018-06-25,38.5,38.57,35.82,36.299999,3379537
2018-06-26,36.0,36.599998,34.810001,36.529999,2714324
2018-06-27,36.0,36.189999,34.5,34.549999,2953404
2018-06-28,34.259998,35.16,33.709999,34.330002,2416426
2018-06-29,34.099998,35.240002,34.099998,35.029999,1972676
2018-07-02,34.900002,35.490002,34.580002,34.990002,1645278
2018-07-03,34.41,34.990002,32.700001,33.59,2399113
2018-07-04,34.200001,34.970001,32.799999,33.450001,3393656
2018-07-05,33.380001,33.68,32.060001,32.810001,2362144
2018-07-06,32.799999,33.5,32.0,32.869999,2936116
2018-07-09,33.279999,34.099998,32.599998,33.810001,2350015
2018-07-10,34.0,35.0,33.889999,34.959999,2674667
2018-07-11,34.32,34.32,33.07,33.66,1396577
2018-07-12,33.389999,35.189999,33.389999,34.790001,1863879
2018-07-13,34.450001,35.009998,34.060001,34.860001,2040896
2018-07-16,34.860001,35.419998,34.130001,34.66,2238723
2018-07-17,34.799999,35.139999,34.529999,34.880001,696530
2018-07-18,35.16,35.16,34.25,34.48,1066929
2018-07-19,34.470001,34.599998,32.299999,32.810001,2084700
2018-07-20,32.970001,35.66,32.509998,35.5,3853139
2018-07-23,35.029999,36.299999,34.040001,35.599998,4080328
2018-07-24,35.450001,35.779999,34.799999,35.23,1909224
2018-07-25,34.950001,35.25,34.450001,34.73,1390858
2018-07-26,34.990002,35.650002,34.0,34.27,1297502
2018-07-27,33.900002,34.259998,33.07,33.57,1922723
2018-07-30,33.52,33.599998,32.32,32.880001,2218148
2018-07-31,32.57,33.869999,32.57,33.810001,1656272
2018-08-01,33.799999,33.900002,33.0,33.080002,2294479
2018-08-02,33.43,33.43,31.51,32.540001,1851934
2018-08-03,32.540001,32.900002,32.200001,32.599998,1196919
2018-08-06,32.889999,32.889999,30.370001,30.639999,2202591
2018-08-07,30.68,31.76,30.68,31.68,1459467
2018-08-08,31.700001,32.18,30.75,30.91,1568100
2018-08-09,31.190001,32.07,30.5,31.799999,2306300
2018-08-10,31.77,31.969999,31.110001,31.41,2456047
2018-08-13,31.1,31.16,30.209999,30.809999,2787000
2018-08-14,30.860001,31.379999,30.629999,30.969999,2595259
2018-08-15,31.1,31.82,30.51,30.639999,2021080
2018-08-16,30.790001,31.700001,30.1,30.860001,1996750
2018-08-17,31.139999,31.34,30.209999,30.379999,1771211
2018-08-20,30.379999,30.52,29.51,30.0,1622249
2018-08-21,30.07,32.610001,29.879999,32.25,3819054
2018-08-22,31.99,32.189999,31.450001,31.99,1863280
2018-08-23,32.0,32.0,31.129999,31.5,1745236
2018-08-24,31.309999,32.380001,31.309999,32.299999,1793451
2018-08-27,33.130001,33.779999,32.459999,32.990002,1991199
2018-08-28,33.470001,33.490002,32.5,32.779999,1957905
2018-08-29,32.610001,32.849998,32.41,32.68,941215
2018-08-30,32.5,32.939999,32.299999,32.529999,809925
2018-08-31,32.900002,33.32,32.450001,33.310001,2020687
2018-09-03,33.169998,33.650002,32.73,33.389999,1571370
2018-09-04,33.110001,33.450001,32.490002,33.07,1367509
2018-09-05,32.91,33.080002,32.049999,32.080002,1160408
2018-09-06,32.130001,32.650002,31.15,31.49,1862496
2018-09-07,31.780001,32.779999,31.51,32.18,1780138
2018-09-10,32.240002,32.77,31.559999,31.75,1362174
2018-09-11,31.700001,32.299999,31.27,32.200001,1111691
2018-09-12,32.029999,32.130001,31.26,31.49,1615059
2018-09-13,31.75,32.009998,31.450001,32.0,1156198
2018-09-14,31.950001,33.02,31.879999,32.57,1567993
2018-09-17,32.25,32.939999,31.93,32.5,788714
2018-09-18,32.220001,33.189999,32.220001,33.16,1481360
2018-09-19,32.990002,34.150002,32.84,33.950001,1782186
2018-09-20,33.990002,34.0,33.459999,33.82,697999
2018-09-21,33.990002,34.950001,33.900002,34.799999,2084265
2018-09-25,34.0,34.580002,34.0,34.169998,779390
2018-09-26,34.25,34.900002,33.799999,34.810001,1669564
2018-09-27,34.799999,34.799999,34.279999,34.639999,1085356
2018-09-28,34.529999,36.189999,34.389999,35.919998,2433508
2018-10-08,34.77,35.400002,34.110001,34.599998,1447886
2018-10-09,34.810001,35.380001,33.650002,33.849998,1530347
2018-10-10,34.380001,34.5,33.91,34.299999,1151538
2018-10-11,33.5,33.84,32.82,33.299999,2242997
2018-10-12,33.599998,34.299999,32.630001,33.5,1302960
2018-10-15,33.279999,34.060001,33.18,33.299999,1201139
2018-10-16,33.549999,33.790001,29.98,30.99,3577700
2018-10-17,31.0,32.5,31.0,31.85,2121374
2018-10-18,31.77,32.299999,31.27,31.5,1656408
2018-10-19,31.48,32.799999,31.129999,32.34,1464830
2018-10-22,32.529999,34.32,32.529999,33.849998,1977710
2018-10-23,34.490002,34.490002,33.049999,33.450001,1238086
2018-10-24,33.639999,34.360001,32.849998,33.279999,1872564
2018-10-25,32.490002,32.700001,31.879999,32.610001,1710481
2018-10-26,32.619999,32.939999,31.700001,32.09,1651542
2018-10-29,32.099998,32.5,31.309999,31.77,1142189
2018-10-30,31.459999,32.169998,30.610001,31.83,1608207
2018-10-31,31.889999,34.0,31.889999,34.0,3283530
2018-11-01,33.490002,34.119999,33.139999,33.650002,2516876
2018-11-02,36.0,36.0,34.540001,35.700001,5049067
2018-11-05,35.5,35.5,34.68,34.91,1838315
2018-11-06,34.880001,35.27,34.5,35.150002,2216438
2018-11-07,35.150002,35.790001,34.490002,34.5,2782102
2018-11-08,35.029999,35.080002,34.43,34.75,1586617
2018-11-09,34.540001,34.900002,34.32,34.400002,1391105
2018-11-12,34.400002,35.360001,34.400002,35.169998,1352000
2018-11-13,34.889999,36.150002,34.599998,35.84,2589723
2018-11-14,37.52,37.799999,35.849998,36.150002,3933696
2018-11-15,35.790001,36.150002,35.580002,36.07,2324853
2018-11-16,35.869999,36.099998,35.240002,35.380001,2860548
2018-11-19,35.400002,35.59,34.849998,35.259998,1713872
2018-11-20,35.259998,35.290001,34.34,34.639999,2633279
2018-11-21,35.0,35.450001,34.57,34.830002,2613453
2018-11-22,34.77,35.599998,34.240002,35.380001,2460736
2018-11-23,35.369999,35.380001,34.099998,34.220001,2374056
2018-11-26,34.700001,34.98,34.040001,34.119999,2153742
2018-11-27,34.049999,34.57,33.709999,34.32,1536302
2018-11-28,34.0,34.599998,33.900002,34.380001,1366673
2018-11-29,34.82,35.189999,33.720001,33.93,1890602
2018-11-30,33.25,34.549999,33.25,34.540001,2003849
2018-12-03,35.27,35.919998,34.889999,35.619999,4192721
2018-12-04,35.41,36.189999,35.119999,36.07,3272437
2018-12-05,35.700001,35.869999,35.25,35.25,2184905
2018-12-06,34.939999,35.0,34.189999,34.200001,2122357
2018-12-07,34.27,34.5,33.93,34.189999,1349692
2018-12-10,33.810001,34.290001,33.5,33.880001,2140095
2018-12-11,33.889999,34.220001,33.810001,34.080002,776669
2018-12-12,33.970001,34.099998,33.130001,33.32,2842853
2018-12-13,33.43,33.970001,33.360001,33.91,2787075
2018-12-14,33.720001,33.720001,32.32,32.459999,3440926
2018-12-17,32.5,32.68,32.049999,32.279999,1793711
2018-12-18,32.299999,32.5,31.200001,31.59,3065474
2018-12-19,32.0,32.349998,31.48,31.73,2518282
2018-12-20,31.299999,31.639999,30.889999,31.1,2532942
2018-12-21,31.299999,31.549999,30.629999,31.24,2357845
2018-12-24,31.190001,31.889999,30.91,31.889999,2408300
2018-12-25,32.080002,32.349998,31.629999,32.259998,2964302
2018-12-26,32.099998,32.360001,31.879999,32.029999,1904392
2018-12-27,32.299999,32.34,31.18,31.23,2583460
2018-12-28,31.309999,32.02,31.24,31.809999,2570735
2019-01-02,32.049999,32.099998,31.219999,31.799999,2298370
2019-01-03,31.59,32.139999,31.219999,31.33,1993579
2019-01-04,31.0,31.559999,30.559999,31.540001,3106881
2019-01-07,31.0,31.639999,31.120001,31.629999,3220949
2019-01-08,31.26,31.309999,30.35,30.6,5120308
2019-01-09,30.6,30.799999,30.209999,30.450001,5105679
2019-01-10,30.49,30.870001,30.33,30.780001,3716002
2019-01-11,30.790001,31.41,30.66,31.25,3209802
2019-01-14,31.08,31.08,30.59,30.73,2398322
2019-01-15,30.76,31.23,30.5,31.07,2623101
2019-01-16,30.700001,31.559999,30.700001,31.360001,1896259
2019-01-17,31.5,31.709999,31.129999,31.379999,1766887
2019-01-18,31.41,32.07,31.26,31.809999,3165314
2019-01-21,31.58,32.48,31.58,32.099998,2222998
2019-01-22,32.400002,32.419998,31.719999,32.0,1365556
2019-01-23,32.009998,32.080002,31.610001,31.76,889250
2019-01-24,31.700001,32.709999,31.700001,32.470001,2180123
2019-01-25,32.470001,32.709999,32.240002,32.580002,2066726
2019-01-28,32.990002,33.110001,32.23,32.34,2521157
2019-01-29,32.27,32.93,32.049999,32.779999,2033981
2019-01-30,32.779999,32.869999,32.18,32.389999,1420882
2019-01-31,32.360001,32.650002,31.799999,32.119999,1786627
2019-02-01,32.009998,32.48,31.83,32.25,2146222
2019-02-11,32.25,32.950001,32.029999,32.779999,2300537
2019-02-12,32.790001,33.080002,32.459999,32.900002,3619125
2019-02-13,32.880001,33.360001,32.700001,33.279999,3268573
2019-02-14,33.209999,33.240002,32.700001,32.98,3449256
2019-02-15,32.889999,33.259998,32.790001,32.889999,2298121
2019-02-18,32.849998,33.330002,32.450001,33.189999,4270278
2019-02-19,33.360001,33.93,33.25,33.450001,3570216
2019-02-20,33.700001,33.720001,32.84,33.209999,3026282
2019-02-21,33.380001,34.25,33.360001,33.630001,4519040
2019-02-22,33.400002,33.77,32.849998,33.75,3692534
2019-02-25,34.32,35.790001,34.32,35.57,9312678
2019-02-26,35.939999,36.439999,35.119999,35.299999,7494139
2019-02-27,35.299999,35.880001,34.709999,34.950001,3519228
2019-02-28,35.02,35.43,34.650002,35.299999,1866927
2019-03-01,35.75,35.75,35.060001,35.540001,2003146
2019-03-04,35.990002,36.09,35.279999,35.740002,6085273
2019-03-05,35.700001,35.830002,35.279999,35.759998,2747067
2019-03-06,35.900002,37.060001,35.400002,36.91,6456696
2019-03-07,36.740002,36.740002,35.310001,35.68,7076551
2019-03-08,35.0,35.490002,34.849998,34.900002,5067275
2019-03-11,34.900002,35.290001,34.509998,35.07,5059513
2019-03-12,35.459999,35.639999,34.759998,35.23,5734693
2019-03-13,35.23,35.380001,34.619999,34.799999,4719957
2019-03-14,34.849998,36.27,34.849998,35.299999,8880562
2019-03-15,35.41,35.549999,35.02,35.150002,5091143
2019-03-18,35.299999,36.610001,35.060001,36.549999,5522528
2019-03-19,36.599998,37.25,36.040001,36.450001,4038096
2019-03-20,36.349998,36.849998,35.830002,36.599998,2934697
2019-03-21,36.689999,37.560001,36.689999,37.200001,5032611
2019-03-22,36.900002,38.790001,36.889999,38.290001,7298929
2019-03-25,37.900002,39.5,37.880001,38.27,5325019
2019-03-26,38.400002,39.279999,37.880001,38.5,5151185
2019-03-27,39.009998,40.68,38.73,40.27,8030445
2019-03-28,39.93,41.209999,39.080002,39.18,5382454
2019-03-29,39.07,41.060001,39.07,40.599998,7857551
2019-04-01,40.599998,42.200001,39.549999,41.700001,7216597
2019-04-02,41.700001,42.0,40.619999,40.919998,4718861
2019-04-03,40.799999,41.900002,40.68,41.639999,3918014
2019-04-04,45.799999,45.799999,43.27,44.0,20487328
2019-04-08,43.400002,43.400002,41.77,42.25,11891157
2019-04-09,41.900002,43.0,41.5,42.98,6135423
2019-04-10,42.400002,42.970001,42.0,42.400002,2977004
2019-04-11,42.5,42.560001,41.299999,41.389999,3362466
2019-04-12,41.599998,41.84,40.98,41.41,3872388
2019-04-15,41.990002,42.009998,40.169998,40.299999,5249690
2019-04-16,40.32,41.450001,40.32,41.360001,3795425
2019-04-17,41.490002,41.779999,41.16,41.43,2076438
2019-04-18,41.43,41.849998,41.169998,41.810001,2756005
2019-04-19,41.82,41.950001,40.52,40.790001,4319760
2019-04-22,40.830002,40.880001,38.580002,38.849998,9121572
2019-04-23,38.880001,39.689999,38.599998,39.450001,5469962
2019-04-24,39.23,40.720001,39.23,40.5,4936727
2019-04-25,40.48,40.91,39.900002,40.099998,3202573
2019-04-26,40.189999,40.700001,39.389999,39.580002,4041129
2019-05-06,40.110001,41.470001,38.810001,39.880001,6392827
2019-05-07,39.849998,40.560001,39.400002,40.02,3104114
2019-05-08,39.799999,40.380001,39.18,39.75,3439662
2019-05-09,39.220001,39.73,38.5,38.619999,2813999
2019-05-10,38.959999,40.380001,38.959999,39.93,2881003
2019-05-13,40.389999,42.220001,39.799999,41.779999,5799823
2019-05-14,41.25,41.970001,40.91,41.009998,3559713
2019-05-15,41.110001,41.849998,40.68,41.310001,4128664
2019-05-16,41.549999,42.799999,41.200001,42.799999,4916635
2019-05-17,42.32,42.639999,41.119999,41.459999,3893256
2019-05-20,41.0,41.459999,40.0,41.209999,3969417
2019-05-21,41.790001,42.400002,41.009998,42.02,4165683
2019-05-22,42.279999,43.5,42.0,42.779999,4629740
2019-05-23,42.59,43.740002,41.619999,41.619999,4873241
2019-05-24,42.080002,43.57,41.52,42.02,5507285
2019-05-27,41.630001,42.75,41.299999,42.650002,3204226
2019-05-28,42.349998,43.720001,42.299999,43.720001,4834161
2019-05-29,43.02,44.0,42.709999,43.299999,3653170
2019-05-30,43.27,44.099998,43.18,43.880001,3561412
2019-05-31,44.119999,44.900002,43.700001,43.700001,3209055
2019-06-03,44.27,44.950001,43.689999,43.939999,4028127
2019-06-04,43.860001,43.98,43.0,43.650002,2741342
2019-06-05,43.950001,44.490002,43.310001,43.400002,2756311
2019-06-06,43.68,44.189999,42.630001,43.0,3419674
2019-06-10,42.98,43.099998,42.200001,42.639999,4083146
2019-06-11,43.099998,44.650002,42.759998,44.630001,4775851
2019-06-12,44.900002,44.900002,43.889999,44.419998,2691771
2019-06-13,44.889999,44.889999,43.810001,44.09,3048352
2019-06-14,44.32,45.59,44.32,45.330002,5358268
2019-06-17,45.32,45.34,44.650002,45.099998,2075906
2019-06-18,45.290001,45.490002,44.799999,45.150002,1700636
2019-06-19,46.150002,46.48,45.209999,45.32,2427429
2019-06-20,45.16,46.380001,45.16,45.959999,3812420
2019-06-21,45.849998,46.490002,45.5,45.91,3605564
2019-06-24,46.0,46.23,44.610001,44.98,3967907
2019-06-25,44.990002,46.380001,44.799999,45.0,4954862
2019-06-26,44.799999,45.330002,44.5,45.0,4338545
2019-06-27,45.299999,45.779999,44.700001,45.0,4186589
2019-06-28,45.0,45.299999,44.709999,45.0,2338719
2019-07-01,45.799999,46.279999,45.0,46.0,5943769
2019-07-02,45.799999,47.400002,45.720001,47.139999,7040766
2019-07-03,47.5,47.700001,46.639999,46.799999,3506072
2019-07-04,46.759998,47.119999,45.799999,46.5,2781351
2019-07-05,46.380001,47.150002,46.380001,47.09,2095490
2019-07-08,47.599998,47.689999,46.029999,46.200001,3035018
2019-07-09,46.189999,46.799999,45.759998,46.549999,2769550
2019-07-10,46.360001,47.25,46.110001,46.450001,2556613
2019-07-11,46.630001,46.630001,45.619999,45.700001,3238230
2019-07-12,45.389999,45.41,43.380001,43.82,9628031
2019-07-15,43.740002,45.099998,43.599998,44.91,5370887
2019-07-16,44.599998,45.290001,43.540001,43.700001,6368870
2019-07-17,44.18,44.299999,43.34,43.689999,3345739
2019-07-18,43.419998,43.799999,42.82,42.82,3215949
2019-07-19,42.900002,43.849998,42.77,43.810001,2866714
2019-07-22,43.299999,43.619999,42.080002,42.419998,5833458
2019-07-23,42.59,43.830002,42.349998,43.810001,3464373
2019-07-24,44.049999,44.049999,43.380001,43.599998,3876912
2019-07-25,43.400002,43.799999,42.82,43.799999,2093160
2019-07-26,43.880001,44.369999,43.259998,44.259998,2190339
2019-07-29,44.380001,44.380001,43.400002,43.669998,2624223
2019-07-30,43.669998,44.130001,43.150002,43.290001,2942477
2019-07-31,43.290001,43.599998,42.810001,43.139999,2195726
2019-08-01,42.82,43.25,42.02,42.23,3955848
2019-08-02,41.5,42.400002,41.5,42.200001,2606770
2019-08-05,42.0,42.349998,41.459999,41.709999,2652791
2019-08-06,41.360001,42.02,40.700001,41.880001,2515499
2019-08-07,41.709999,42.970001,41.709999,42.200001,2572560
2019-08-08,42.439999,42.82,41.830002,42.25,2149286
2019-08-09,42.279999,42.66,41.790001,42.0,1982179
2019-08-12,41.860001,42.889999,41.0,42.700001,3334620
2019-08-13,42.490002,43.509998,42.310001,42.950001,1759818
2019-08-14,43.459999,43.599998,42.66,42.68,1603647
2019-08-15,42.560001,43.68,42.299999,43.450001,3389328
2019-08-16,43.540001,43.860001,43.02,43.029999,2960329
2019-08-19,43.389999,43.779999,43.009998,43.700001,2969739
2019-08-20,43.700001,43.900002,43.41,43.689999,1599709
2019-08-21,43.689999,43.689999,43.02,43.259998,1721331
2019-08-22,43.240002,43.580002,43.150002,43.549999,1192719
2019-08-23,43.580002,43.740002,43.080002,43.450001,1216201
2019-08-26,42.639999,42.970001,42.080002,42.369999,1839238
2019-08-27,42.419998,43.040001,42.220001,42.27,3360592
2019-08-28,42.349998,42.970001,42.0,42.91,2618435
2019-08-29,42.75,43.299999,42.52,42.799999,1659241
2019-08-30,43.509998,45.16,43.310001,44.779999,6492124
2019-09-02,44.650002,45.389999,44.200001,44.799999,5030147
2019-09-03,44.630001,44.880001,44.110001,44.360001,2663568
2019-09-04,44.349998,44.639999,44.02,44.509998,2450253
2019-09-05,44.650002,45.18,44.419998,44.439999,3264633
2019-09-06,44.439999,44.75,44.099998,44.200001,2537145
2019-09-09,44.59,44.599998,43.75,44.189999,2922837
2019-09-10,44.240002,44.25,43.490002,43.68,3173450
2019-09-11,43.959999,43.959999,43.189999,43.529999,3131404
2019-09-12,43.669998,44.099998,43.380001,44.09,2319837
2019-09-16,43.59,44.549999,43.0,44.299999,3187451
2019-09-17,44.0,44.5,43.66,43.91,2501729
2019-09-18,44.119999,44.98,43.849998,44.860001,3766220
2019-09-19,45.16,45.189999,44.560001,44.950001,2580553
2019-09-20,45.07,45.59,44.66,45.48,3820317
2019-09-23,45.48,45.48,44.200001,44.310001,3027522
2019-09-24,44.200001,44.75,43.919998,44.02,3304025
2019-09-25,44.02,44.349998,43.66,43.869999,2116330
2019-09-26,43.84,44.439999,43.84,44.119999,2130876
2019-09-27,44.099998,44.5,43.299999,43.400002,3100157
2019-09-30,43.41,43.509998,42.549999,42.549999,2976941
2019-10-08,42.549999,42.860001,42.130001,42.450001,2245454
2019-10-09,42.400002,42.400002,41.900002,42.330002,1655250
2019-10-10,42.330002,42.950001,41.970001,42.740002,2747948
2019-10-11,43.0,43.0,42.299999,42.650002,1792646
2019-10-14,42.799999,43.57,42.73,42.959999,2816479
2019-10-15,43.200001,44.310001,43.029999,44.189999,3820237
2019-10-16,44.209999,44.470001,43.82,43.869999,2454573
2019-10-17,44.099998,44.5,43.91,44.0,1808741
2019-10-18,44.450001,45.27,43.990002,44.25,4532454
2019-10-21,44.5,45.099998,43.849998,44.900002,3007525
2019-10-22,45.150002,45.610001,45.009998,45.490002,3721720
2019-10-23,45.599998,46.0,45.279999,45.389999,2989755
2019-10-24,45.41,45.669998,44.700001,44.889999,3627854
2019-10-25,44.93,45.290001,44.330002,44.779999,3919108
2019-10-28,45.0,45.099998,44.07,44.150002,4223935
2019-10-29,44.360001,44.869999,44.099998,44.27,2324606
2019-10-30,44.27,44.869999,44.07,44.869999,2730195
2019-10-31,45.080002,45.099998,42.599998,43.189999,8939712
2019-11-01,43.470001,45.59,43.009998,44.669998,7644017
2019-11-04,44.860001,46.119999,44.860001,45.380001,6692301
2019-11-05,45.66,45.73,44.799999,44.900002,5090263
2019-11-06,45.66,45.939999,44.330002,44.549999,4888038
2019-11-07,44.740002,44.830002,43.959999,44.18,3735237
2019-11-08,44.580002,44.669998,43.5,43.549999,4231995
2019-11-11,43.360001,43.880001,43.009998,43.110001,3136927
2019-11-12,43.099998,43.32,42.360001,42.599998,3890226
2019-11-13,42.720001,42.720001,41.91,42.040001,3849033
2019-11-14,42.27,42.580002,41.849998,42.330002,3207825
2019-11-15,42.5,42.990002,42.360001,42.580002,2728308
2019-11-18,42.299999,43.07,42.299999,42.68,2369644
2019-11-19,42.700001,42.810001,42.0,42.220001,6733129
2019-11-20,42.240002,42.450001,41.759998,41.77,3642744
2019-11-21,41.630001,41.849998,41.110001,41.200001,2899109
2019-11-22,41.360001,41.630001,41.040001,41.52,3086758
2019-11-25,41.599998,41.990002,41.209999,41.84,2815522
2019-11-26,41.900002,42.5,41.52,42.5,4109784
2019-11-27,42.07,42.169998,41.209999,41.380001,3614752
2019-11-28,41.349998,41.349998,40.720001,40.880001,2668701
2019-11-29,40.869999,41.110001,40.009998,40.290001,3741940
2019-12-02,40.5,41.450001,40.490002,41.259998,3835355
2019-12-03,41.169998,41.48,40.59,41.27,2528821
2019-12-04,41.200001,41.200001,40.73,40.950001,2196982
2019-12-05,40.919998,41.43,40.900002,41.290001,2115068
2019-12-06,41.099998,41.560001,40.91,41.509998,2073088
2019-12-09,41.599998,41.669998,40.849998,41.0,3509444
2019-12-10,40.84,41.400002,40.810001,41.220001,2107674
2019-12-11,41.279999,41.950001,41.110001,41.830002,2752499
2019-12-12,41.950001,41.950001,41.290001,41.389999,2270426
2019-12-13,41.880001,42.490002,41.880001,42.48,3844802
2019-12-16,42.439999,42.560001,42.0,42.400002,3387748
2019-12-17,42.23,42.880001,42.110001,42.599998,3517324
2019-12-18,42.630001,42.990002,42.509998,42.779999,3087547
2019-12-19,42.709999,43.380001,42.529999,43.07,3223106
2019-12-20,42.900002,43.200001,42.689999,42.91,2770147
2019-12-23,42.720001,43.279999,42.549999,42.700001,2382221
2019-12-24,42.560001,42.700001,42.040001,42.400002,2746438
2019-12-25,42.400002,42.400002,41.799999,41.98,2415533
2019-12-26,42.16,42.330002,41.880001,42.299999,1898909
2019-12-27,42.400002,42.919998,42.200001,42.560001,4093732
2019-12-30,42.200001,43.98,42.150002,43.830002,5401836
2019-12-31,43.98,44.119999,43.57,43.889999,3203268
2020-01-02,44.400002,44.43,43.669998,44.27,4304327
2020-01-03,44.349998,44.75,43.400002,43.470001,3977609
2020-01-06,42.400002,43.279999,42.360001,42.669998,5720666
2020-01-07,42.75,43.75,42.619999,43.650002,3747093
2020-01-08,43.0,43.25,42.799999,43.049999,4704765
2020-01-09,43.849998,44.73,43.529999,44.32,4952148
2020-01-10,44.630001,44.790001,43.880001,44.0,3471296
2020-01-13,43.889999,43.889999,43.889999,43.889999,3754290
2020-01-14,44.080002,44.080002,44.080002,44.080002,4641964
2020-01-15,44.09,44.09,43.599998,43.66,3235324
2020-01-16,43.66,44.549999,42.919998,43.200001,4911813
2020-01-17,43.099998,43.650002,42.700001,43.009998,3918469
2020-01-20,41.98,41.98,40.349998,41.529999,12479997
2020-01-21,40.849998,41.330002,40.110001,40.110001,10149613
2020-01-22,39.950001,40.48,39.580002,40.299999,9441065
2020-01-23,39.5,40.240002,38.830002,39.169998,8423709
2020-02-03,35.25,35.84,35.25,35.25,10212459
2020-02-04,35.099998,36.93,35.099998,36.0,10723483
2020-02-05,36.049999,37.650002,35.41,37.029999,12469097
2020-02-06,37.5,38.400002,36.900002,38.139999,9524566
2020-02-07,37.689999,38.099998,37.200001,37.75,7531836
2020-02-10,37.330002,37.740002,37.110001,37.369999,7562353
2020-02-11,37.619999,38.779999,37.619999,38.119999,5862158
2020-02-12,38.119999,38.119999,37.459999,37.630001,5697142
2020-02-13,37.5,38.75,37.349998,38.0,6815974
2020-02-14,37.799999,39.389999,37.509998,39.259998,6956487
2020-02-17,38.709999,39.200001,38.700001,38.919998,9038438
2020-02-18,38.889999,38.889999,38.029999,38.25,6950938
2020-02-19,38.360001,40.25,38.16,39.349998,9731359
2020-02-20,39.529999,40.66,39.529999,39.990002,10358357
2020-02-21,39.900002,40.259998,39.209999,39.98,7486545
2020-02-24,39.0,39.0,37.700001,37.98,14461008
2020-02-25,37.200001,37.490002,36.369999,37.18,10703041
2020-02-26,36.5,37.150002,36.310001,36.459999,10105553
2020-02-27,36.599998,36.759998,36.349998,36.400002,7174955
2020-02-28,35.610001,36.02,34.990002,35.599998,12711389
2020-03-02,35.32,36.689999,35.32,36.189999,10406928
2020-03-03,36.599998,36.790001,35.939999,36.060001,7675302
2020-03-04,36.200001,36.889999,35.82,36.740002,6601432
2020-03-05,37.110001,37.639999,36.580002,37.560001,8508289
2020-03-06,36.799999,37.389999,36.57,36.950001,7337615
2020-03-09,37.41,38.5,36.900002,37.98,15235713
2020-03-10,37.669998,38.07,36.880001,37.799999,9562164
2020-03-11,37.869999,38.91,37.450001,38.099998,10502542
2020-03-12,37.459999,37.470001,36.470001,36.68,8971025
2020-03-13,34.900002,36.490002,34.299999,35.959999,9359209
2020-03-16,35.880001,35.880001,34.450001,34.5,7610137
2020-03-17,34.060001,34.889999,31.98,32.700001,10551787
2020-03-18,32.200001,32.98,31.5,31.5,9337555
2020-03-19,30.549999,30.99,28.879999,30.32,16973226
2020-03-20,30.799999,33.349998,30.799999,33.049999,15691178
2020-03-23,31.5,32.900002,31.23,31.719999,9654584
2020-03-24,32.82,32.869999,31.09,31.889999,7871451
2020-03-25,33.110001,33.43,32.540001,33.099998,8474132
2020-03-26,32.900002,33.599998,32.619999,33.400002,7334386
2020-03-27,33.48,33.75,33.0,33.02,5469631
2020-03-30,32.450001,32.599998,31.5,31.959999,6697762
2020-03-31,32.43,32.639999,31.82,32.279999,5414069
2020-04-01,32.73,33.200001,32.060001,32.68,4937215
2020-04-02,32.5,33.18,32.200001,33.18,4067542
2020-04-03,33.130001,33.419998,32.900002,33.310001,2654148
2020-04-07,33.279999,34.0,32.91,33.41,7102749
2020-04-08,33.200001,33.950001,32.689999,33.68,9239766
2020-04-09,33.880001,33.950001,33.599998,33.599998,4682950
2020-04-10,33.700001,33.700001,32.709999,33.02,3268965
2020-04-13,33.029999,33.029999,31.84,31.879999,4326114
2020-04-14,31.940001,33.299999,31.940001,33.200001,6259838
2020-04-15,33.549999,34.66,33.080002,34.380001,8017794
2020-04-16,34.009998,34.52,33.490002,33.650002,5756660
2020-04-17,34.599998,35.849998,34.110001,35.16,12120593
2020-04-20,34.93,35.349998,34.169998,34.240002,6866720
2020-04-21,34.540001,34.540001,33.060001,33.27,6767532
2020-04-22,33.0,33.990002,32.82,33.990002,5125895
2020-04-23,33.950001,34.18,33.599998,33.740002,3530802
2020-04-24,33.66,33.73,33.139999,33.5,3287224
2020-04-27,33.509998,33.689999,33.119999,33.259998,3903762
2020-04-28,33.200001,34.189999,33.119999,33.860001,5393268
2020-04-29,33.990002,34.900002,33.970001,34.540001,6172167
2020-04-30,36.799999,37.810001,36.0,37.150002,16150101
2020-05-06,35.790001,36.450001,35.43,35.790001,14629267
2020-05-07,35.59,35.75,34.93,35.200001,8119710
2020-05-08,35.389999,35.599998,34.950001,35.130001,7082959
2020-05-11,35.5,36.099998,35.16,35.439999,6892988
2020-05-12,35.32,35.549999,34.77,35.119999,5677599
2020-05-13,35.07,35.43,34.759998,35.43,5094447
2020-05-14,35.029999,35.130001,34.18,34.369999,5801434
2020-05-15,34.349998,34.5,33.34,33.5,7716512
2020-05-18,33.369999,33.810001,32.810001,33.779999,4788175
2020-05-19,35.0,35.279999,34.41,34.619999,9681108
2020-05-20,34.200001,35.290001,33.950001,34.080002,6271144
2020-05-21,34.279999,34.380001,33.5,33.549999,4746166
2020-05-22,33.52,33.779999,33.099998,33.299999,2818227
2020-05-25,33.290001,33.619999,32.880001,33.0,4528333
2020-05-26,33.009998,33.919998,32.939999,33.790001,3862050
2020-05-27,34.169998,35.759998,34.150002,34.68,9583467
2020-05-28,34.810001,34.810001,33.880001,34.419998,4419310
2020-05-29,34.540001,35.900002,34.279999,35.849998,7505980
2020-06-01,35.900002,36.48,35.549999,36.299999,7490740
2020-06-02,36.5,36.799999,36.040001,36.48,5132562
2020-06-03,36.540001,37.790001,36.540001,37.27,8853471
2020-06-04,37.799999,38.23,37.290001,37.759998,7578702
2020-06-05,38.299999,39.68,38.299999,39.130001,11654145
2020-06-08,39.700001,39.900002,38.509998,39.279999,8416048
2020-06-09,39.389999,39.48,38.360001,38.689999,6524952
2020-06-10,38.209999,39.209999,37.91,38.869999,4590167
2020-06-11,38.790001,39.189999,38.110001,38.330002,4184375
2020-06-12,37.0,38.549999,36.549999,38.09,6436445
2020-06-15,38.0,38.169998,36.700001,36.84,9020502
2020-06-16,37.200001,37.48,36.849998,37.049999,4306384
2020-06-17,36.84,37.200001,36.490002,36.900002,4654980
2020-06-18,36.880001,36.98,36.43,36.799999,4464784
2020-06-19,36.939999,37.380001,36.639999,37.189999,6063265
2020-06-22,37.220001,37.23,36.049999,36.299999,5419779
2020-06-23,36.290001,36.48,35.790001,36.169998,3971955
2020-06-24,36.169998,36.549999,35.950001,36.200001,3377693
2020-06-29,35.889999,35.889999,34.48,34.630001,10605733
2020-06-30,35.009998,35.950001,35.009998,35.240002,5134555
2020-07-01,35.43,36.630001,35.150002,36.540001,6286128
2020-07-02,37.290001,37.549999,36.009998,37.0,13483770
2020-07-03,36.5,37.5,36.369999,37.360001,10648154
2020-07-06,37.459999,39.259998,37.459999,38.880001,13317874
2020-07-07,39.040001,39.650002,38.25,38.509998,14233525
2020-07-08,38.400002,39.5,38.259998,39.0,12590146
2020-07-09,38.709999,39.48,38.549999,39.169998,7482868
2020-07-10,38.790001,40.790001,38.599998,39.34,10039866
2020-07-13,39.330002,39.860001,38.5,39.59,9853135
2020-07-14,39.490002,39.740002,38.639999,39.27,8212460
2020-07-15,40.779999,42.369999,39.299999,39.619999,19843862
2020-07-16,40.25,41.150002,38.599998,38.650002,14369958
2020-07-17,38.66,39.299999,37.889999,38.41,7466580
2020-07-20,38.619999,40.98,38.619999,40.75,10363172
2020-07-21,40.75,41.25,40.189999,40.970001,7027329
2020-07-22,40.880001,41.599998,40.310001,40.400002,8071598
2020-07-23,39.970001,41.5,39.799999,41.310001,9146026
2020-07-24,41.029999,41.029999,38.799999,38.830002,7479867
2020-07-27,38.830002,39.700001,38.200001,39.200001,5093856
2020-07-28,39.330002,39.75,38.689999,38.959999,4164806
2020-07-29,38.82,39.619999,38.43,39.560001,3223255
2020-07-30,39.57,39.869999,38.990002,39.18,3757541
2020-07-31,39.200001,40.709999,39.0,39.630001,5305422
2020-08-03,39.509998,40.09,39.299999,39.849998,4761010
2020-08-04,39.84,40.549999,39.75,40.119999,4603001
2020-08-05,40.110001,40.200001,39.310001,39.669998,3539040
2020-08-06,39.900002,40.5,39.5,39.860001,4497711
2020-08-07,39.860001,41.18,39.200001,40.650002,7154692
2020-08-10,40.299999,43.099998,40.200001,42.540001,9145775
2020-08-11,42.73,43.439999,42.189999,42.259998,7453683
2020-08-12,43.0,43.939999,42.0,42.98,8985429
2020-08-13,42.41,44.080002,42.41,43.720001,8317542
2020-08-14,43.560001,45.279999,43.0,44.459999,7658277
2020-08-17,44.439999,45.5,44.119999,44.419998,8095566
2020-08-18,44.459999,44.919998,44.060001,44.540001,4424817
2020-08-19,44.540001,45.5,44.330002,44.700001,6304157
2020-08-20,44.700001,44.700001,43.25,43.740002,7109354
2020-08-21,43.77,44.66,43.200001,44.029999,4700098
2020-08-24,44.59,45.200001,43.389999,43.41,5688283
2020-08-25,43.889999,44.41,43.060001,43.299999,5257914
2020-08-26,43.27,43.610001,42.299999,42.599998,4994876
2020-08-27,42.630001,42.860001,41.700001,42.0,5851844
2020-08-28,42.299999,44.400002,42.009998,44.389999,6258858
2020-08-31,44.380001,44.759998,43.77,44.119999,5613593
2020-09-01,44.099998,44.700001,44.009998,44.369999,5082732
2020-09-02,44.540001,45.330002,44.369999,44.950001,5602727
2020-09-03,45.099998,47.799999,45.02,47.169998,9379561
2020-09-04,46.66,48.790001,46.009998,47.990002,9272594
2020-09-07,47.990002,49.18,47.68,48.110001,10033713
2020-09-08,48.310001,49.139999,47.630001,48.110001,6292777
2020-09-09,48.110001,49.259998,46.599998,47.209999,8916760
2020-09-10,47.799999,48.419998,46.799999,47.07,6051873
2020-09-11,47.18,47.990002,45.98,47.77,5747764
2020-09-14,47.779999,48.290001,46.889999,48.099998,6081925
2020-09-15,47.959999,49.799999,47.689999,49.130001,8404889
2020-09-16,49.0,49.98,48.799999,49.610001,4895256
2020-09-17,49.580002,50.0,48.700001,48.880001,3720195
2020-09-18,48.880001,49.849998,48.57,48.919998,4177070
2020-09-21,49.0,49.0,47.490002,48.0,5049460
2020-09-22,47.599998,47.599998,45.93,46.299999,8996620
2020-09-23,46.75,46.98,45.360001,46.259998,6740451
2020-09-24,46.220001,46.419998,44.5,44.68,7269461
2020-09-25,45.099998,45.330002,44.18,44.849998,4941460
2020-09-28,45.400002,45.939999,44.619999,45.189999,4609413
2020-09-29,45.540001,46.049999,44.73,45.009998,3832739
2020-09-30,45.200001,45.77,44.560001,45.0,4956882
2020-10-09,45.459999,45.73,44.200001,44.349998,5852700
2020-10-12,44.16,44.970001,43.66,44.740002,7381762
2020-10-13,44.68,45.82,44.080002,45.799999,5722546
2020-10-14,45.5,45.880001,44.200001,44.32,6731235
2020-10-15,44.209999,44.880001,44.099998,44.32,3916324
2020-10-16,44.34,45.099998,44.189999,44.689999,3941948
2020-10-19,44.700001,45.16,44.209999,44.41,3877210
2020-10-20,44.209999,44.790001,44.110001,44.400002,3058360
2020-10-21,44.419998,45.240002,44.200001,45.060001,4270874
2020-10-22,45.0,45.470001,42.599998,43.529999,9151701
2020-10-23,43.029999,43.470001,41.900002,42.119999,4292968
2020-10-26,41.529999,42.150002,40.880001,41.98,2819334
2020-10-27,41.580002,42.68,41.220001,42.25,3578481
2020-10-28,42.439999,42.889999,41.41,42.580002,5015080
2020-10-29,41.970001,44.23,41.84,43.560001,5137420
2020-10-30,44.080002,44.080002,42.419998,42.619999,3137295
2020-11-02,42.650002,42.810001,41.529999,41.77,4361602
2020-11-03,42.209999,43.709999,41.799999,43.029999,6336455
2020-11-04,43.18,43.869999,42.919998,43.48,5324445
2020-11-05,43.889999,43.959999,43.200001,43.57,3887784
2020-11-06,43.360001,43.790001,42.610001,43.0,3548626
2020-11-09,43.23,46.189999,43.23,45.919998,11383183
2020-11-10,48.900002,48.959999,46.599998,47.16,15590022
2020-11-11,46.700001,47.150002,45.619999,46.099998,6465713
2020-11-12,45.869999,47.470001,45.869999,46.299999,5240129
2020-11-13,46.200001,47.950001,45.57,47.150002,5628376
2020-11-16,47.950001,49.990002,47.310001,49.439999,10425675
2020-11-17,50.220001,51.970001,49.950001,50.5,13973069
2020-11-18,50.0,51.849998,50.0,51.16,8827852
2020-11-19,51.02,52.259998,50.740002,52.0,6889971
2020-11-20,51.720001,53.110001,51.689999,52.240002,5556687
2020-11-23,51.400002,51.810001,50.400002,51.349998,11725289
2020-11-24,51.380001,52.880001,51.279999,52.619999,4517447
2020-11-25,53.200001,53.77,51.950001,52.200001,4523040
2020-11-26,52.299999,53.200001,51.43,51.82,4372807
2020-11-27,51.990002,52.400002,51.209999,52.060001,3915339
2020-11-30,51.98,52.490002,50.799999,50.799999,4960556
2020-12-01,51.299999,52.450001,51.110001,52.279999,4869612
2020-12-02,52.279999,52.59,51.419998,51.709999,3109680
2020-12-03,51.68,51.93,51.16,51.540001,2401397
2020-12-04,51.700001,52.18,50.990002,51.400002,3998385
2020-12-07,51.220001,51.77,50.779999,51.59,3000783
2020-12-08,51.580002,51.950001,50.900002,51.709999,2851944
2020-12-09,51.779999,52.68,50.009998,50.209999,5673387
2020-12-10,49.98,51.0,49.540001,50.720001,4362123
2020-12-11,51.099998,51.369999,49.650002,50.099998,2837331
2020-12-14,50.290001,51.080002,49.860001,50.68,2886877
2020-12-15,50.68,51.48,49.799999,51.110001,3289498
2020-12-16,51.139999,54.139999,50.709999,54.0,6267167
2020-12-17,53.700001,54.57,52.700001,53.299999,4588969
2020-12-18,53.200001,54.09,52.700001,53.75,5129802
2020-12-21,52.82,54.060001,51.799999,53.599998,6082351
2020-12-22,53.02,53.450001,49.799999,49.950001,8257113
2020-12-23,50.099998,50.5,49.509998,50.099998,7166893
2020-12-24,50.419998,51.419998,50.150002,50.360001,4464936
2020-12-25,50.650002,51.869999,50.259998,51.450001,3666372
2020-12-28,50.98,52.34,49.77,51.900002,6451936
2020-12-29,51.91,53.080002,51.299999,52.0,4586556
2020-12-30,51.549999,55.240002,51.41,54.779999,6994077
2020-12-31,55.0,56.189999,54.099998,55.43,5913007
2021-01-04,55.5,57.630001,55.400002,57.279999,6509269
2021-01-05,57.060001,58.240002,55.650002,57.34,5356147
2021-01-06,57.509998,57.509998,55.380001,55.5,7272569
2021-01-07,56.18,57.5,55.049999,55.860001,6099953
2021-01-08,56.700001,56.880001,54.529999,55.060001,4909304
2021-01-11,54.5,55.040001,52.5,53.049999,5980425
2021-01-12,53.450001,54.139999,53.009998,53.709999,5116501
2021-01-13,53.900002,54.5,53.139999,53.389999,3622192
2021-01-14,52.869999,53.389999,51.23,51.279999,4433875
2021-01-15,51.009998,56.41,51.0,56.41,8356530
2021-01-18,56.41,56.41,51.349998,51.369999,14187031
2021-01-19,51.299999,52.52,50.799999,51.619999,7486312
2021-01-20,51.16,52.189999,50.41,50.759998,5461572
2021-01-21,50.099998,51.25,49.099998,49.349998,12928026
2021-01-22,49.290001,50.59,48.41,49.900002,10279467
2021-01-25,50.200001,53.900002,50.130001,53.380001,8785287
2021-01-26,52.779999,58.720001,52.5,58.490002,13098288
2021-01-27,58.799999,59.189999,56.52,59.189999,7751216
2021-01-28,57.720001,59.77,57.720001,58.5,8513886
2021-01-29,58.279999,61.5,58.0,58.990002,13014213
2021-02-01,59.669998,63.290001,59.150002,62.34,8352249
2021-02-02,61.73,62.650002,60.790001,62.200001,7310551
2021-02-03,62.0,63.490002,60.0,60.419998,8189123
2021-02-04,60.91,63.59,60.419998,63.060001,7044502
2021-02-05,63.459999,64.019997,62.0,62.689999,4179246
2021-02-08,62.5,64.0,61.549999,63.200001,4795641
2021-02-09,64.050003,65.599998,63.0,64.440002,5274571
2021-02-10,64.25,64.480003,63.400002,64.0,3845733
2021-02-18,65.660004,66.099998,62.509998,64.410004,6113494
2021-02-19,64.089996,65.089996,62.75,63.799999,6060301
2021-02-22,63.950001,64.360001,60.900002,61.580002,7300369
2021-02-23,61.200001,64.849998,60.93,63.889999,6374304
2021-02-24,64.059998,67.440002,63.0,63.759998,7969362
2021-02-25,64.099998,66.0,63.299999,65.150002,5131241
2021-02-26,62.869999,64.199997,61.349998,61.599998,8492496
2021-03-01,62.200001,62.200001,59.799999,60.73,4589902
2021-03-02,61.150002,61.400002,59.799999,60.540001,3912455
2021-03-03,60.650002,64.849998,59.950001,64.449997,5028142
2021-03-04,63.759998,65.580002,63.0,64.739998,5997477
2021-03-05,63.720001,64.099998,60.369999,60.599998,5205587
2021-03-08,60.549999,62.150002,59.0,59.200001,4520073
2021-03-09,59.5,61.299999,57.650002,60.25,6098129
2021-03-10,60.880001,61.5,59.130001,60.299999,3888149
2021-03-11,60.290001,63.75,60.290001,62.599998,4593101
2021-03-12,63.490002,63.490002,60.5,61.07,2715735
2021-03-15,61.27,64.580002,61.27,62.740002,6891900
2021-03-16,63.380001,63.470001,61.5,61.91,6547288
2021-03-17,61.950001,63.150002,60.0,61.200001,3828490
2021-03-18,61.740002,64.790001,61.740002,64.010002,5584083
2021-03-19,63.040001,64.639999,60.599998,62.0,6335452
2021-03-22,61.459999,67.300003,61.200001,67.199997,7832286
2021-03-23,66.860001,67.980003,64.300003,65.370003,6267063
2021-03-24,64.730003,64.879997,58.830002,58.830002,9952486
2021-03-25,58.43,59.119999,56.450001,58.610001,8011934
2021-03-26,58.5,60.130001,58.09,59.459999,4514463
2021-03-29,59.59,60.07,58.77,59.310001,2659617
2021-03-30,59.200001,60.240002,58.34,60.18,4248646
2021-03-31,60.299999,61.5,59.209999,59.560001,3981374
2021-04-01,59.560001,61.709999,59.330002,61.34,3339851
2021-04-02,61.369999,62.439999,60.299999,61.450001,2121417
2021-04-06,61.009998,62.689999,59.880001,60.299999,3317846
2021-04-07,60.43,61.68,59.150002,61.450001,3484623
2021-04-08,61.0,61.439999,59.650002,60.119999,3653349
2021-04-09,59.919998,60.66,58.810001,59.380001,3020081
2021-04-12,59.529999,59.549999,56.82,58.549999,4430855
2021-04-13,58.080002,58.889999,57.119999,58.049999,2872954
2021-04-14,58.049999,59.790001,57.790001,59.110001,2699025
2021-04-15,59.110001,59.189999,57.790001,58.150002,2362805
2021-04-16,58.610001,60.68,57.91,59.639999,4676462
2021-04-19,59.57,62.700001,59.200001,62.299999,5503696
2021-04-20,61.869999,63.439999,61.759998,62.759998,4000317
2021-04-21,62.700001,63.380001,61.610001,62.82,2772429
2021-04-22,62.900002,63.25,61.880001,62.07,2081173
2021-04-23,62.459999,63.299999,60.66,61.59,3764749
2021-04-26,61.610001,63.950001,61.099998,63.02,4770795
2021-04-27,62.709999,63.689999,60.459999,61.200001,4315419
2021-04-28,61.279999,62.529999,60.009998,61.990002,3554178
2021-04-29,62.09,63.82,61.990002,63.279999,3358246
2021-04-30,61.900002,64.760002,61.799999,64.300003,4396010
2021-05-06,64.309998,64.900002,61.849998,62.98,4357763
2021-05-07,63.310001,64.959999,62.52,63.369999,2971983
2021-05-10,63.009998,63.720001,61.099998,61.650002,3595467
2021-05-11,61.549999,63.169998,60.880001,62.450001,2703188
2021-05-12,62.400002,63.169998,60.400002,61.799999,2322468
2021-05-13,61.799999,62.200001,60.68,61.599998,1957274
2021-05-14,61.93,62.259998,61.029999,61.610001,2012180
2021-05-17,61.779999,62.080002,60.709999,61.549999,2551141
2021-05-18,61.549999,63.560001,61.470001,62.369999,2795224
2021-05-19,62.68,62.68,60.950001,61.599998,1819315
2021-05-20,61.59,62.950001,60.700001,62.650002,2553621
2021-05-21,62.630001,63.470001,61.330002,61.580002,2233016
2021-05-24,61.759998,62.009998,60.610001,61.830002,1995820
2021-05-25,62.099998,65.019997,61.41,64.800003,4469442
2021-05-26,64.959999,68.5,64.93,67.839996,5088304
2021-05-27,67.970001,68.580002,67.379997,68.580002,3035423
2021-05-28,68.559998,68.860001,67.779999,68.199997,2182789
2021-05-31,67.900002,67.900002,64.080002,65.239998,5413053
2021-06-01,65.239998,66.0,64.360001,64.900002,2648178
2021-06-02,64.730003,64.730003,63.0,63.580002,3295390
2021-06-03,63.849998,64.849998,63.220001,63.630001,2246513
2021-06-04,63.919998,63.919998,62.259998,62.939999,2518633
2021-06-07,62.990002,64.489998,62.02,63.25,2670426
2021-06-08,62.5,65.489998,62.5,63.040001,3227875
2021-06-09,63.049999,63.650002,61.77,62.23,3509052
2021-06-10,62.5,63.150002,61.57,62.18,2844392
2021-06-11,62.130001,62.130001,60.060001,61.060001,4324827
2021-06-15,61.470001,61.470001,59.610001,60.07,2579999
2021-06-16,60.209999,61.0,58.549999,58.91,3400323
2021-06-17,58.799999,60.099998,58.599998,59.610001,2403234
2021-06-18,59.799999,60.860001,58.900002,59.84,2921805
2021-06-21,59.84,59.84,56.799999,57.32,6648163
2021-06-22,57.560001,58.68,56.900002,57.389999,5040468
2021-06-23,57.0,58.080002,56.490002,57.09,4099640
2021-06-24,57.0,57.59,56.310001,56.91,3690472
2021-06-25,57.220001,57.509998,56.330002,56.599998,4715510
2021-06-28,56.599998,57.07,54.700001,55.5,5487351
2021-06-29,54.75,55.5,54.150002,55.459999,5113662
2021-06-30,55.43,57.299999,54.91,56.900002,3547304
2021-07-01,57.200001,57.400002,55.0,55.450001,2872586
2021-07-02,55.59,55.799999,53.900002,54.740002,3303879
2021-07-05,54.700001,55.150002,54.009998,54.419998,2310819
2021-07-06,54.470001,56.290001,54.16,54.720001,3259955
2021-07-07,54.799999,55.240002,54.099998,54.580002,1987114
2021-07-08,54.580002,54.700001,53.080002,53.259998,2891288
2021-07-09,53.299999,54.799999,52.59,54.799999,3023918
2021-07-12,54.759998,55.68,52.799999,55.009998,3564852
2021-07-13,54.810001,56.25,54.049999,55.549999,3055248
2021-07-14,55.240002,56.650002,53.619999,55.849998,3887616
2021-07-15,55.950001,56.189999,54.200001,55.220001,3666963
2021-07-16,55.169998,55.75,54.080002,55.27,2238705
2021-07-19,55.540001,59.32,54.700001,58.869999,7766140
2021-07-20,59.380001,59.450001,56.5,58.27,4161486
2021-07-21,58.189999,58.189999,54.900002,55.700001,5547730
2021-07-22,55.369999,56.220001,53.470001,54.77,4641996
2021-07-23,54.48,55.060001,53.529999,53.799999,2786949
2021-07-26,53.470001,53.470001,50.5,51.290001,5661034
2021-07-27,51.52,52.689999,50.880001,51.32,3384065
2021-07-28,51.0,51.950001,49.02,51.279999,4285166
2021-07-29,51.009998,51.009998,48.459999,49.0,7328271
2021-07-30,48.73,48.73,45.860001,47.470001,7782449
2021-08-02,46.080002,49.650002,45.5,48.860001,5639165
2021-08-03,48.669998,49.5,47.759998,49.099998,3003015
2021-08-04,49.400002,49.400002,47.259998,48.040001,3955587
2021-08-05,47.990002,49.080002,47.299999,48.380001,3444577
2021-08-06,48.009998,49.0,47.52,47.75,1749490
2021-08-09,47.509998,49.779999,47.27,49.299999,3501906
2021-08-10,49.099998,49.299999,48.119999,49.0,2624286
2021-08-11,48.900002,50.650002,48.57,49.919998,4212033
2021-08-12,50.470001,50.48,48.299999,48.400002,3461700
2021-08-13,48.5,49.68,48.0,48.900002,3728682
2021-08-16,49.599998,49.849998,48.799999,49.189999,2960859
2021-08-17,49.290001,53.66,49.25,52.09,7860257
2021-08-18,51.5,52.900002,50.349998,52.0,4524682
2021-08-19,51.959999,51.990002,51.040001,51.639999,1943950
2021-08-20,52.290001,52.720001,50.799999,51.900002,2686483
2021-08-23,52.400002,53.200001,50.869999,51.400002,3303148
2021-08-24,51.509998,51.759998,50.209999,51.450001,3827820
2021-08-25,51.0,55.0,51.0,54.099998,5948077
2021-08-26,54.5,54.5,52.0,52.549999,3413387
2021-08-27,52.52,53.150002,51.509998,52.48,2230063
2021-08-30,51.5,51.66,50.560001,51.02,2528067
2021-08-31,51.5,53.599998,51.27,53.18,3800239
2021-09-01,53.119999,56.119999,52.349998,55.73,6623004
2021-09-02,55.209999,56.57,55.0,56.0,3608850
2021-09-03,55.549999,58.110001,54.299999,57.419998,5727920
2021-09-06,57.200001,59.880001,56.0,58.700001,4985672
2021-09-07,58.18,59.150002,57.509998,58.700001,2278715
2021-09-08,59.02,59.02,57.709999,58.439999,2172231
2021-09-09,58.75,58.990002,57.220001,58.630001,3040574
2021-09-10,58.799999,60.790001,58.630001,59.259998,3390454
2021-09-13,57.299999,57.299999,54.700001,55.549999,8025883
2021-09-14,55.5,55.91,54.049999,54.349998,2901549
2021-09-15,54.09,55.09,52.880001,54.950001,3361741
2021-09-16,54.700001,55.25,53.5,54.150002,3559852
2021-09-17,54.0,54.990002,53.799999,54.990002,1992430
2021-09-22,53.799999,55.0,52.900002,54.73,2594355
2021-09-23,53.599998,54.52,52.889999,53.119999,2817827
2021-09-24,52.799999,53.75,52.599998,53.119999,1858496
2021-09-27,52.900002,54.759998,52.720001,54.169998,2919298
2021-09-28,54.91,54.91,53.389999,53.98,1863177
2021-09-29,53.889999,54.150002,52.869999,53.009998,1741507
2021-09-30,52.73,54.830002,52.73,54.580002,2457030
2021-10-08,56.099998,58.650002,55.18,55.869999,6233727
2021-10-11,55.790001,59.110001,55.389999,58.400002,5011722
2021-10-12,58.299999,58.790001,57.349998,58.25,2388848
2021-10-13,58.040001,59.400002,57.650002,59.02,2698587
2021-10-14,58.990002,63.630001,58.529999,61.52,7370703
2021-10-15,62.299999,63.0,59.68,60.779999,6568953
2021-10-18,60.150002,60.400002,58.34,58.869999,4622123
2021-10-19,58.0,58.380001,56.900002,58.200001,4292398
2021-10-20,58.200001,58.369999,56.130001,57.700001,3864902
2021-10-21,57.560001,58.5,57.099998,57.959999,2756315
2021-10-22,57.52,58.389999,56.689999,57.73,2230497
2021-10-25,57.16,58.18,55.560001,57.549999,2653926
2021-10-26,57.290001,58.799999,57.16,57.330002,1930238
2021-10-27,57.130001,58.299999,56.630001,57.240002,1575466
2021-10-28,56.830002,58.279999,56.740002,57.389999,2001089
2021-10-29,57.299999,58.630001,56.509998,58.5,2156900
2021-11-01,58.310001,58.700001,55.669998,56.41,4899659
2021-11-02,56.27,57.59,55.880001,57.400002,4197467
2021-11-03,56.799999,57.5,55.830002,56.18,2359999
2021-11-04,55.860001,56.310001,55.66,56.110001,1699262
2021-11-05,56.009998,56.799999,55.400002,56.029999,2139161
2021-11-08,58.0,60.880001,57.099998,57.48,11052350
2021-11-09,58.41,58.990002,56.369999,58.48,5997402
2021-11-10,58.700001,58.700001,56.900002,57.889999,2724628
2021-11-11,58.110001,59.549999,57.700001,59.299999,2985510
2021-11-12,59.099998,60.939999,58.630001,60.75,3957766
2021-11-15,60.599998,60.98,59.0,59.700001,3168832
2021-11-16,59.560001,60.240002,59.009998,59.459999,2071604
2021-11-17,59.049999,59.779999,57.849998,58.150002,3063147
2021-11-18,58.200001,58.52,56.310001,56.73,3320945
2021-11-19,56.73,58.16,56.669998,57.52,2686166
2021-11-22,57.619999,58.400002,56.59,58.169998,3234027
2021-11-23,58.349998,58.5,57.509998,57.91,1733629
2021-11-24,57.860001,57.91,56.889999,57.450001,1995952
2021-11-25,57.110001,57.259998,56.52,56.900002,1660407
2021-11-26,55.790001,57.150002,54.299999,56.060001,5247876
2021-11-29,54.02,55.549999,53.52,55.209999,6636696
2021-11-30,54.990002,55.970001,54.669998,55.0,3163042
2021-12-01,55.0,56.200001,54.709999,55.939999,2753924
2021-12-02,55.5,56.490002,54.900002,55.810001,2333940
2021-12-03,56.009998,56.880001,55.509998,56.490002,3279563
2021-12-06,56.0,56.200001,54.509998,55.0,4127466
2021-12-07,55.400002,57.299999,55.310001,56.110001,5078510
2021-12-08,55.84,56.349998,55.419998,55.66,2387134
2021-12-09,55.77,56.849998,55.099998,55.73,4754432
2021-12-10,55.349998,55.650002,52.389999,52.389999,12342043
2021-12-13,52.75,54.27,52.68,53.73,7117146
2021-12-14,53.220001,53.970001,52.25,52.98,4303026
2021-12-15,52.889999,53.310001,51.560001,52.0,3444327
2021-12-16,51.919998,52.150002,51.200001,51.84,3360056
2021-12-17,51.509998,51.790001,50.580002,50.990002,3744539
2021-12-20,51.110001,52.369999,51.060001,52.09,3592456
2021-12-21,52.23,52.849998,51.459999,52.130001,2232155
2021-12-22,52.68,53.060001,52.34,52.41,2135190
2021-12-23,52.41,53.900002,52.380001,52.77,3404252
2021-12-24,52.91,54.240002,52.560001,53.669998,3884871
2021-12-27,53.84,55.25,53.5,55.0,4550521
2021-12-28,55.0,55.549999,54.279999,55.259998,2393032
2021-12-29,55.119999,56.740002,54.82,56.279999,4450837
2021-12-30,56.099998,57.57,55.119999,55.950001,4084503
2021-12-31,55.549999,56.860001,54.84,56.799999,3179827
